Date,Provider,Service,Cost,Severity_Score,Is_Anomaly
2025-09-29 22:47:26.340543,AWS,Compute (EC2),530.64,0.13330505290304068,False
2025-09-29 22:47:26.340543,AWS,Storage (S3),132.77,0.11986526535339082,False
2025-09-29 22:47:26.340543,Azure,Networking,240.93,0.09986639529687968,False
2025-09-29 22:47:26.340543,GCP,BigQuery,331.19,0.23583502841629,False
2025-09-30 22:47:26.340543,AWS,Compute (EC2),549.63,0.1213136515301963,False
2025-09-30 22:47:26.340543,AWS,Storage (S3),159.85,0.16612720758857985,False
2025-09-30 22:47:26.340543,Azure,Networking,208.87,0.15737519902553293,False
2025-09-30 22:47:26.340543,GCP,BigQuery,365.38,0.20161075395003075,False
2025-10-01 22:47:26.340543,AWS,Compute (EC2),386.98,0.12424057318286469,False
2025-10-01 22:47:26.340543,AWS,Storage (S3),154.24,0.2185819952341168,False
2025-10-01 22:47:26.340543,Azure,Networking,263.56,-0.05386254391879319,True
2025-10-01 22:47:26.340543,GCP,BigQuery,232.44,0.25470071600714234,False
2025-10-02 22:47:26.340543,AWS,Compute (EC2),500.45,0.16441250164525428,False
2025-10-02 22:47:26.340543,AWS,Storage (S3),130.25,0.12433553646564177,False
2025-10-02 22:47:26.340543,Azure,Networking,198.89,0.20203439067849405,False
2025-10-02 22:47:26.340543,GCP,BigQuery,285.54,0.24916021044458797,False
2025-10-03 22:47:26.340543,AWS,Compute (EC2),541.31,0.13187025359931132,False
2025-10-03 22:47:26.340543,AWS,Storage (S3),142.56,0.19987416215869053,False
2025-10-03 22:47:26.340543,Azure,Networking,181.4,0.12528644114835813,False
2025-10-03 22:47:26.340543,GCP,BigQuery,293.23,0.2516892880666086,False
2025-10-04 22:47:26.340543,AWS,Compute (EC2),332.51,0.09003936850634059,False
2025-10-04 22:47:26.340543,AWS,Storage (S3),104.08,0.12010149772915157,False
2025-10-04 22:47:26.340543,Azure,Networking,164.6,0.12751206726905895,False
2025-10-04 22:47:26.340543,GCP,BigQuery,176.12,0.1838959660700339,False
2025-10-05 22:47:26.340543,AWS,Compute (EC2),346.39,0.13110860216836068,False
2025-10-05 22:47:26.340543,AWS,Storage (S3),93.96,0.020083702665558034,False
2025-10-05 22:47:26.340543,Azure,Networking,147.56,0.15405141481099738,False
2025-10-05 22:47:26.340543,GCP,BigQuery,185.21,0.17472425133729436,False
2025-10-06 22:47:26.340543,AWS,Compute (EC2),476.44,0.15290055561254878,False
2025-10-06 22:47:26.340543,AWS,Storage (S3),159.71,0.16125231920534233,False
2025-10-06 22:47:26.340543,Azure,Networking,184.91,0.14830178096633106,False
2025-10-06 22:47:26.340543,GCP,BigQuery,360.99,0.19240533340103005,False
2025-10-07 22:47:26.340543,AWS,Compute (EC2),541.72,0.1253949400138531,False
2025-10-07 22:47:26.340543,AWS,Storage (S3),150.06,0.20002076806998237,False
2025-10-07 22:47:26.340543,Azure,Networking,193.49,0.18023747976599264,False
2025-10-07 22:47:26.340543,GCP,BigQuery,428.0,0.1723423840893457,False
2025-10-08 22:47:26.340543,AWS,Compute (EC2),525.61,0.16520804695597063,False
2025-10-08 22:47:26.340543,AWS,Storage (S3),153.4,0.2295358228309275,False
2025-10-08 22:47:26.340543,Azure,Networking,220.16,0.15354777102287753,False
2025-10-08 22:47:26.340543,GCP,BigQuery,249.52,0.25508646072060553,False
2025-10-09 22:47:26.340543,AWS,Compute (EC2),437.47,0.0903282819366712,False
2025-10-09 22:47:26.340543,AWS,Storage (S3),148.16,0.2221178583011641,False
2025-10-09 22:47:26.340543,Azure,Networking,216.43,0.13897893890680485,False
2025-10-09 22:47:26.340543,GCP,BigQuery,172.63,0.19293889216481258,False
2025-10-10 22:47:26.340543,AWS,Compute (EC2),489.88,0.17615716329916792,False
2025-10-10 22:47:26.340543,AWS,Storage (S3),134.25,0.14216614926601734,False
2025-10-10 22:47:26.340543,Azure,Networking,125.29,0.07950296426435344,False
2025-10-10 22:47:26.340543,GCP,BigQuery,259.68,0.2686897025221368,False
2025-10-11 22:47:26.340543,AWS,Compute (EC2),329.81,0.06892699160244764,False
2025-10-11 22:47:26.340543,AWS,Storage (S3),112.94,0.1111648525647001,False
2025-10-11 22:47:26.340543,Azure,Networking,161.2,0.1424981644970595,False
2025-10-11 22:47:26.340543,GCP,BigQuery,201.5,0.22872018424797663,False
2025-10-12 22:47:26.340543,AWS,Compute (EC2),317.85,0.05233107106259827,False
2025-10-12 22:47:26.340543,AWS,Storage (S3),107.28,0.148707145064518,False
2025-10-12 22:47:26.340543,Azure,Networking,122.69,0.09685860311137262,False
2025-10-12 22:47:26.340543,GCP,BigQuery,218.5,0.234508780287431,False
2025-10-13 22:47:26.340543,AWS,Compute (EC2),526.12,0.16486483964783955,False
2025-10-13 22:47:26.340543,AWS,Storage (S3),155.51,0.1621050689943379,False
2025-10-13 22:47:26.340543,Azure,Networking,214.35,0.14727837056587517,False
2025-10-13 22:47:26.340543,GCP,BigQuery,256.09,0.2661913260801066,False
2025-10-14 22:47:26.340543,AWS,Compute (EC2),455.49,0.11352850895344435,False
2025-10-14 22:47:26.340543,AWS,Storage (S3),151.49,0.20556726488530241,False
2025-10-14 22:47:26.340543,Azure,Networking,193.56,0.18154759365268913,False
2025-10-14 22:47:26.340543,GCP,BigQuery,323.73,0.2152136114987791,False
2025-10-15 22:47:26.340543,AWS,Compute (EC2),508.95,0.15484007044171572,False
2025-10-15 22:47:26.340543,AWS,Storage (S3),135.72,0.11329913341215436,False
2025-10-15 22:47:26.340543,Azure,Networking,207.9,0.17441117386585975,False
2025-10-15 22:47:26.340543,GCP,BigQuery,385.62,0.18934867057870763,False
2025-10-16 22:47:26.340543,AWS,Compute (EC2),504.88,0.14987634725111032,False
2025-10-16 22:47:26.340543,AWS,Storage (S3),142.34,0.19702894785957814,False
2025-10-16 22:47:26.340543,Azure,Networking,235.55,0.08927901651104353,False
2025-10-16 22:47:26.340543,GCP,BigQuery,254.29,0.26021582892728107,False
2025-10-17 22:47:26.340543,AWS,Compute (EC2),508.99,0.153459092133312,False
2025-10-17 22:47:26.340543,AWS,Storage (S3),150.78,0.18867639791118151,False
2025-10-17 22:47:26.340543,Azure,Networking,241.92,0.06494403734148124,False
2025-10-17 22:47:26.340543,GCP,BigQuery,295.42,0.24355260993721428,False
2025-10-18 22:47:26.340543,AWS,Compute (EC2),375.38,0.1292729383158575,False
2025-10-18 22:47:26.340543,AWS,Storage (S3),110.17,0.1305806685938291,False
2025-10-18 22:47:26.340543,Azure,Networking,108.34,0.04112987495576004,False
2025-10-18 22:47:26.340543,GCP,BigQuery,285.09,0.24791737684783777,False
2025-10-19 22:47:26.340543,AWS,Compute (EC2),384.39,0.13786575426199366,False
2025-10-19 22:47:26.340543,AWS,Storage (S3),101.02,0.13755987725808938,False
2025-10-19 22:47:26.340543,Azure,Networking,169.39,0.15888014746258783,False
2025-10-19 22:47:26.340543,GCP,BigQuery,112.35,0.05181458131288408,False
2025-10-20 22:47:26.340543,AWS,Compute (EC2),497.44,0.1626153929005778,False
2025-10-20 22:47:26.340543,AWS,Storage (S3),145.47,0.19614657481548015,False
2025-10-20 22:47:26.340543,Azure,Networking,207.85,0.16922308576429307,False
2025-10-20 22:47:26.340543,GCP,BigQuery,325.82,0.22895231330460714,False
2025-10-21 22:47:26.340543,AWS,Compute (EC2),378.8,0.1363030571901882,False
2025-10-21 22:47:26.340543,AWS,Storage (S3),130.75,0.13294219456517042,False
2025-10-21 22:47:26.340543,Azure,Networking,269.99,-0.06743799738624023,True
2025-10-21 22:47:26.340543,GCP,BigQuery,396.29,0.1825010512102243,False
2025-10-22 22:47:26.340543,AWS,Compute (EC2),493.34,0.17591049941617348,False
2025-10-22 22:47:26.340543,AWS,Storage (S3),129.99,0.10636652996547591,False
2025-10-22 22:47:26.340543,Azure,Networking,228.03,0.125424976350698,False
2025-10-22 22:47:26.340543,GCP,BigQuery,260.75,0.26139165231004013,False
2025-10-23 22:47:26.340543,AWS,Compute (EC2),397.37,0.11590469981656804,False
2025-10-23 22:47:26.340543,AWS,Storage (S3),160.36,0.1602514598433526,False
2025-10-23 22:47:26.340543,Azure,Networking,232.53,0.12521381971574808,False
2025-10-23 22:47:26.340543,GCP,BigQuery,220.02,0.24185978007188552,False
2025-10-24 22:47:26.340543,AWS,Compute (EC2),533.9,0.13489245240549302,False
2025-10-24 22:47:26.340543,AWS,Storage (S3),159.93,0.16673178523154847,False
2025-10-24 22:47:26.340543,Azure,Networking,187.4,0.12751695409861497,False
2025-10-24 22:47:26.340543,GCP,BigQuery,301.96,0.21056819179849234,False
2025-10-25 22:47:26.340543,AWS,Compute (EC2),370.04,0.14676318641296937,False
2025-10-25 22:47:26.340543,AWS,Storage (S3),93.9,0.025005819910093652,False
2025-10-25 22:47:26.340543,Azure,Networking,133.3,0.10114194939447252,False
2025-10-25 22:47:26.340543,GCP,BigQuery,193.4,0.22146900400390784,False
2025-10-26 22:47:26.340543,AWS,Compute (EC2),371.64,0.14648019296532,False
2025-10-26 22:47:26.340543,AWS,Storage (S3),105.58,0.13204104770418812,False
2025-10-26 22:47:26.340543,Azure,Networking,134.94,0.1189686754320482,False
2025-10-26 22:47:26.340543,GCP,BigQuery,230.06,0.25744576955280185,False
2025-10-27 22:47:26.340543,AWS,Compute (EC2),463.93,0.13121707061417653,False
2025-10-27 22:47:26.340543,AWS,Storage (S3),148.63,0.20791938993119174,False
2025-10-27 22:47:26.340543,Azure,Networking,233.17,0.10853338294070469,False
2025-10-27 22:47:26.340543,GCP,BigQuery,292.08,0.24234237470694814,False
2025-10-28 22:47:26.340543,AWS,Compute (EC2),495.6,0.16664964958604933,False
2025-10-28 22:47:26.340543,AWS,Storage (S3),167.87,0.0976473984147096,False
2025-10-28 22:47:26.340543,Azure,Networking,194.06,0.18063728532788115,False
2025-10-28 22:47:26.340543,GCP,BigQuery,191.14,0.21800210626806776,False
2025-10-29 22:47:26.340543,AWS,Compute (EC2),605.62,-0.06226643849817037,True
2025-10-29 22:47:26.340543,AWS,Storage (S3),151.78,0.2112018590002211,False
2025-10-29 22:47:26.340543,Azure,Networking,220.96,0.14831085794098986,False
2025-10-29 22:47:26.340543,GCP,BigQuery,298.43,0.22082866422190517,False
2025-10-30 22:47:26.340543,AWS,Compute (EC2),516.61,0.1334412636873194,False
2025-10-30 22:47:26.340543,AWS,Storage (S3),138.8,0.17040586784727163,False
2025-10-30 22:47:26.340543,Azure,Networking,168.43,0.1544632176542478,False
2025-10-30 22:47:26.340543,GCP,BigQuery,341.84,0.201402651102272,False
2025-10-31 22:47:26.340543,AWS,Compute (EC2),438.24,0.09166522030400065,False
2025-10-31 22:47:26.340543,AWS,Storage (S3),124.26,0.04842061782409712,False
2025-10-31 22:47:26.340543,Azure,Networking,223.74,0.13386736506476032,False
2025-10-31 22:47:26.340543,GCP,BigQuery,365.16,0.20437953508985718,False
2025-11-01 22:47:26.340543,AWS,Compute (EC2),341.06,0.10760447346877061,False
2025-11-01 22:47:26.340543,AWS,Storage (S3),103.48,0.15710870835927576,False
2025-11-01 22:47:26.340543,Azure,Networking,113.37,0.017289560299194373,False
2025-11-01 22:47:26.340543,GCP,BigQuery,256.07,0.2661913260801066,False
2025-11-02 22:47:26.340543,AWS,Compute (EC2),322.16,0.06341403423172332,False
2025-11-02 22:47:26.340543,AWS,Storage (S3),105.73,0.13504961323200215,False
2025-11-02 22:47:26.340543,Azure,Networking,149.52,0.12483181237210805,False
2025-11-02 22:47:26.340543,GCP,BigQuery,172.65,0.19293889216481258,False
2025-11-03 22:47:26.340543,AWS,Compute (EC2),506.53,0.15512730213835058,False
2025-11-03 22:47:26.340543,AWS,Storage (S3),131.44,0.1504666416722386,False
2025-11-03 22:47:26.340543,Azure,Networking,159.64,0.11741252587699585,False
2025-11-03 22:47:26.340543,GCP,BigQuery,280.58,0.232058939935206,False
2025-11-04 22:47:26.340543,AWS,Compute (EC2),537.16,0.14639311151769885,False
2025-11-04 22:47:26.340543,AWS,Storage (S3),170.35,0.05785297825663194,False
2025-11-04 22:47:26.340543,Azure,Networking,184.39,0.1410385238536051,False
2025-11-04 22:47:26.340543,GCP,BigQuery,380.27,0.21639227538798733,False
2025-11-05 22:47:26.340543,AWS,Compute (EC2),468.74,0.1275449452376986,False
2025-11-05 22:47:26.340543,AWS,Storage (S3),130.5,0.1373958876329764,False
2025-11-05 22:47:26.340543,Azure,Networking,228.36,0.11694397329754957,False
2025-11-05 22:47:26.340543,GCP,BigQuery,387.26,0.18818301905404794,False
2025-11-06 22:47:26.340543,AWS,Compute (EC2),539.93,0.1365318978671708,False
2025-11-06 22:47:26.340543,AWS,Storage (S3),153.69,0.21762515625127876,False
2025-11-06 22:47:26.340543,Azure,Networking,226.21,0.14535685788076147,False
2025-11-06 22:47:26.340543,GCP,BigQuery,235.14,0.24639236984293994,False
2025-11-07 22:47:26.340543,AWS,Compute (EC2),472.17,0.13065679698033444,False
2025-11-07 22:47:26.340543,AWS,Storage (S3),153.98,0.21792774601676335,False
2025-11-07 22:47:26.340543,Azure,Networking,170.4,0.16275312524593794,False
2025-11-07 22:47:26.340543,GCP,BigQuery,422.91,0.15704994335414424,False
2025-11-08 22:47:26.340543,AWS,Compute (EC2),339.12,0.11080374166627882,False
2025-11-08 22:47:26.340543,AWS,Storage (S3),118.54,0.06870213321308449,False
2025-11-08 22:47:26.340543,Azure,Networking,143.92,0.14466311099414497,False
2025-11-08 22:47:26.340543,GCP,BigQuery,254.84,0.26266936064489804,False
2025-11-09 22:47:26.340543,AWS,Compute (EC2),365.07,0.12249918826788986,False
2025-11-09 22:47:26.340543,AWS,Storage (S3),103.43,0.16180830001926788,False
2025-11-09 22:47:26.340543,Azure,Networking,119.2,0.0826089860778707,False
2025-11-09 22:47:26.340543,GCP,BigQuery,259.04,0.2747136380893637,False
2025-11-10 22:47:26.340543,AWS,Compute (EC2),453.91,0.11625737356467963,False
2025-11-10 22:47:26.340543,AWS,Storage (S3),150.43,0.1964279065583754,False
2025-11-10 22:47:26.340543,Azure,Networking,176.8,0.1518204113908324,False
2025-11-10 22:47:26.340543,GCP,BigQuery,257.75,0.26959782936058824,False
2025-11-11 22:47:26.340543,AWS,Compute (EC2),476.34,0.15246354885342878,False
2025-11-11 22:47:26.340543,AWS,Storage (S3),144.24,0.1921161350129562,False
2025-11-11 22:47:26.340543,Azure,Networking,253.36,0.02157156468575594,False
2025-11-11 22:47:26.340543,GCP,BigQuery,371.86,0.18803327763539213,False
2025-11-12 22:47:26.340543,AWS,Compute (EC2),529.5,0.14140941011096603,False
2025-11-12 22:47:26.340543,AWS,Storage (S3),152.69,0.21857778773082215,False
2025-11-12 22:47:26.340543,Azure,Networking,226.36,0.15201826310266864,False
2025-11-12 22:47:26.340543,GCP,BigQuery,233.91,0.2463554259873389,False
2025-11-13 22:47:26.340543,AWS,Compute (EC2),506.29,0.15824353675884878,False
2025-11-13 22:47:26.340543,AWS,Storage (S3),142.44,0.19795707786763322,False
2025-11-13 22:47:26.340543,Azure,Networking,204.33,0.19516497284415796,False
2025-11-13 22:47:26.340543,GCP,BigQuery,294.88,0.24953379176822665,False
2025-11-14 22:47:26.340543,AWS,Compute (EC2),556.89,0.09855788695725898,False
2025-11-14 22:47:26.340543,AWS,Storage (S3),147.08,0.2222972850854279,False
2025-11-14 22:47:26.340543,Azure,Networking,215.28,0.1638118321584816,False
2025-11-14 22:47:26.340543,GCP,BigQuery,364.56,0.20385105769085493,False
2025-11-15 22:47:26.340543,AWS,Compute (EC2),347.73,0.1264489475818057,False
2025-11-15 22:47:26.340543,AWS,Storage (S3),106.25,0.1463160895111007,False
2025-11-15 22:47:26.340543,Azure,Networking,147.63,0.15827892557896972,False
2025-11-15 22:47:26.340543,GCP,BigQuery,158.81,0.15035908462003733,False
2025-11-16 22:47:26.340543,AWS,Compute (EC2),366.38,0.1385039318373642,False
2025-11-16 22:47:26.340543,AWS,Storage (S3),121.25,0.035857574390279146,False
2025-11-16 22:47:26.340543,Azure,Networking,154.22,0.11457139452574455,False
2025-11-16 22:47:26.340543,GCP,BigQuery,190.43,0.22087871224521644,False
2025-11-17 22:47:26.340543,AWS,Compute (EC2),429.12,0.10753745328420583,False
2025-11-17 22:47:26.340543,AWS,Storage (S3),131.47,0.14678992578326844,False
2025-11-17 22:47:26.340543,Azure,Networking,249.97,0.05621619786092169,False
2025-11-17 22:47:26.340543,GCP,BigQuery,228.08,0.23999752828655307,False
2025-11-18 22:47:26.340543,AWS,Compute (EC2),525.05,0.16494396074707818,False
2025-11-18 22:47:26.340543,AWS,Storage (S3),146.03,0.21202459942677676,False
2025-11-18 22:47:26.340543,Azure,Networking,175.51,0.1475523334402104,False
2025-11-18 22:47:26.340543,GCP,BigQuery,313.53,0.22068968005075362,False
2025-11-19 22:47:26.340543,AWS,Compute (EC2),555.01,0.11359763487451191,False
2025-11-19 22:47:26.340543,AWS,Storage (S3),160.65,0.1391965683598267,False
2025-11-19 22:47:26.340543,Azure,Networking,182.6,0.14480349609571985,False
2025-11-19 22:47:26.340543,GCP,BigQuery,230.73,0.257529247645943,False
2025-11-20 22:47:26.340543,AWS,Compute (EC2),475.21,0.14099540002622868,False
2025-11-20 22:47:26.340543,AWS,Storage (S3),149.71,0.20777742514157876,False
2025-11-20 22:47:26.340543,Azure,Networking,191.18,0.14712649917423587,False
2025-11-20 22:47:26.340543,GCP,BigQuery,326.69,0.23199673538711446,False
2025-11-21 22:47:26.340543,AWS,Compute (EC2),548.71,0.12194164097379034,False
2025-11-21 22:47:26.340543,AWS,Storage (S3),146.29,0.21960531510901127,False
2025-11-21 22:47:26.340543,Azure,Networking,209.72,0.15217215129413225,False
2025-11-21 22:47:26.340543,GCP,BigQuery,429.53,0.163255261916338,False
2025-11-22 22:47:26.340543,AWS,Compute (EC2),369.0,0.1436722218811331,False
2025-11-22 22:47:26.340543,AWS,Storage (S3),108.28,0.12980444826512094,False
2025-11-22 22:47:26.340543,Azure,Networking,150.69,0.12181857501064819,False
2025-11-22 22:47:26.340543,GCP,BigQuery,251.37,0.25534443137245255,False
2025-11-23 22:47:26.340543,AWS,Compute (EC2),383.73,0.1348098708437232,False
2025-11-23 22:47:26.340543,AWS,Storage (S3),99.41,0.08889064898408872,False
2025-11-23 22:47:26.340543,Azure,Networking,141.53,0.11671859693445741,False
2025-11-23 22:47:26.340543,GCP,BigQuery,148.03,0.1488326193356816,False
2025-11-24 22:47:26.340543,AWS,Compute (EC2),494.71,0.17059122144296512,False
2025-11-24 22:47:26.340543,AWS,Storage (S3),152.72,0.22154089957592354,False
2025-11-24 22:47:26.340543,Azure,Networking,196.75,0.17728457036081557,False
2025-11-24 22:47:26.340543,GCP,BigQuery,219.79,0.2409385030919738,False
2025-11-25 22:47:26.340543,AWS,Compute (EC2),525.4,0.16650415346098418,False
2025-11-25 22:47:26.340543,AWS,Storage (S3),154.58,0.19755129610156896,False
2025-11-25 22:47:26.340543,Azure,Networking,205.04,0.18891201741776126,False
2025-11-25 22:47:26.340543,GCP,BigQuery,436.96,0.11941825817134599,False
2025-11-26 22:47:26.340543,AWS,Compute (EC2),555.42,0.10590718593152548,False
2025-11-26 22:47:26.340543,AWS,Storage (S3),152.8,0.22083049724906545,False
2025-11-26 22:47:26.340543,Azure,Networking,209.79,0.15217215129413225,False
2025-11-26 22:47:26.340543,GCP,BigQuery,195.06,0.22989050984396203,False
2025-11-27 22:47:26.340543,AWS,Compute (EC2),558.45,0.08360604937845922,False
2025-11-27 22:47:26.340543,AWS,Storage (S3),158.15,0.1652070911278526,False
2025-11-27 22:47:26.340543,Azure,Networking,205.09,0.18921960996171244,False
2025-11-27 22:47:26.340543,GCP,BigQuery,263.73,0.2497005987957417,False
2025-11-28 22:47:26.340543,AWS,Compute (EC2),457.31,0.12318534245639468,False
2025-11-28 22:47:26.340543,AWS,Storage (S3),150.25,0.20027271487099602,False
2025-11-28 22:47:26.340543,Azure,Networking,215.36,0.16395749132296766,False
2025-11-28 22:47:26.340543,GCP,BigQuery,188.34,0.20504012589862552,False
2025-11-29 22:47:26.340543,AWS,Compute (EC2),424.2,0.10341695810087581,False
2025-11-29 22:47:26.340543,AWS,Storage (S3),107.47,0.16134181038552387,False
2025-11-29 22:47:26.340543,Azure,Networking,145.33,0.1291508112954894,False
2025-11-29 22:47:26.340543,GCP,BigQuery,147.39,0.13088304684316998,False
2025-11-30 22:47:26.340543,AWS,Compute (EC2),371.36,0.14605960400945261,False
2025-11-30 22:47:26.340543,AWS,Storage (S3),106.37,0.14476854478803924,False
2025-11-30 22:47:26.340543,Azure,Networking,148.18,0.15720417884079124,False
2025-11-30 22:47:26.340543,GCP,BigQuery,239.33,0.22992647548313283,False
2025-12-01 22:47:26.340543,AWS,Compute (EC2),572.42,0.08523693200154325,False
2025-12-01 22:47:26.340543,AWS,Storage (S3),133.7,0.12048530990091566,False
2025-12-01 22:47:26.340543,Azure,Networking,226.34,0.1526867339951728,False
2025-12-01 22:47:26.340543,GCP,BigQuery,335.86,0.21650978923219616,False
2025-12-02 22:47:26.340543,AWS,Compute (EC2),490.78,0.17542513505766488,False
2025-12-02 22:47:26.340543,AWS,Storage (S3),159.04,0.14490649719954596,False
2025-12-02 22:47:26.340543,Azure,Networking,169.95,0.16128900046958022,False
2025-12-02 22:47:26.340543,GCP,BigQuery,374.35,0.20177897187968685,False
2025-12-03 22:47:26.340543,AWS,Compute (EC2),572.91,0.08319890962159365,False
2025-12-03 22:47:26.340543,AWS,Storage (S3),146.54,0.21804127394460748,False
2025-12-03 22:47:26.340543,Azure,Networking,160.48,0.1498021894466971,False
2025-12-03 22:47:26.340543,GCP,BigQuery,214.98,0.22042529536345484,False
2025-12-04 22:47:26.340543,AWS,Compute (EC2),565.97,0.0807580698029125,False
2025-12-04 22:47:26.340543,AWS,Storage (S3),149.33,0.20908520424124788,False
2025-12-04 22:47:26.340543,Azure,Networking,199.76,0.18656278989635133,False
2025-12-04 22:47:26.340543,GCP,BigQuery,249.03,0.2512803432646436,False
2025-12-05 22:47:26.340543,AWS,Compute (EC2),429.04,0.10957370759439822,False
2025-12-05 22:47:26.340543,AWS,Storage (S3),183.54,-0.07796879359031772,True
2025-12-05 22:47:26.340543,Azure,Networking,240.19,0.11276760780337514,False
2025-12-05 22:47:26.340543,GCP,BigQuery,444.7,0.09535903045254823,False
2025-12-06 22:47:26.340543,AWS,Compute (EC2),345.61,0.13252729911170225,False
2025-12-06 22:47:26.340543,AWS,Storage (S3),109.77,0.13490099570757275,False
2025-12-06 22:47:26.340543,Azure,Networking,146.57,0.13533243516924204,False
2025-12-06 22:47:26.340543,GCP,BigQuery,293.74,0.251172330837479,False
2025-12-07 22:47:26.340543,AWS,Compute (EC2),263.95,-0.16053202140204015,True
2025-12-07 22:47:26.340543,AWS,Storage (S3),101.28,0.137286784148408,False
2025-12-07 22:47:26.340543,Azure,Networking,128.63,0.08487989103989091,False
2025-12-07 22:47:26.340543,GCP,BigQuery,170.87,0.195882931764636,False
2025-12-08 22:47:26.340543,AWS,Compute (EC2),521.65,0.16263073625268826,False
2025-12-08 22:47:26.340543,AWS,Storage (S3),140.92,0.16077551553296865,False
2025-12-08 22:47:26.340543,Azure,Networking,172.5,0.13351862946667797,False
2025-12-08 22:47:26.340543,GCP,BigQuery,175.39,0.1756024241950303,False
2025-12-09 22:47:26.340543,AWS,Compute (EC2),538.83,0.13714065182948104,False
2025-12-09 22:47:26.340543,AWS,Storage (S3),143.74,0.19107512158692536,False
2025-12-09 22:47:26.340543,Azure,Networking,190.5,0.13539740256030014,False
2025-12-09 22:47:26.340543,GCP,BigQuery,289.09,0.24658229976484047,False
2025-12-10 22:47:26.340543,AWS,Compute (EC2),522.94,0.1603360574440193,False
2025-12-10 22:47:26.340543,AWS,Storage (S3),156.33,0.18469249229940682,False
2025-12-10 22:47:26.340543,Azure,Networking,186.07,0.14512034113523015,False
2025-12-10 22:47:26.340543,GCP,BigQuery,128.54,0.06145543501898709,False
2025-12-11 22:47:26.340543,AWS,Compute (EC2),449.81,0.09699873534537806,False
2025-12-11 22:47:26.340543,AWS,Storage (S3),160.24,0.16599178598090658,False
2025-12-11 22:47:26.340543,Azure,Networking,199.04,0.202164310531256,False
2025-12-11 22:47:26.340543,GCP,BigQuery,318.48,0.2143671590587829,False
2025-12-12 22:47:26.340543,AWS,Compute (EC2),426.88,0.11898042160345912,False
2025-12-12 22:47:26.340543,AWS,Storage (S3),153.51,0.22885102554326814,False
2025-12-12 22:47:26.340543,Azure,Networking,175.24,0.1392971546475789,False
2025-12-12 22:47:26.340543,GCP,BigQuery,256.38,0.2642131831414242,False
2025-12-13 22:47:26.340543,AWS,Compute (EC2),338.9,0.11042636549926765,False
2025-12-13 22:47:26.340543,AWS,Storage (S3),111.73,0.10597827422228023,False
2025-12-13 22:47:26.340543,Azure,Networking,126.59,0.07838020192370443,False
2025-12-13 22:47:26.340543,GCP,BigQuery,231.99,0.25863652682498584,False
2025-12-14 22:47:26.340543,AWS,Compute (EC2),350.24,0.1321298021387794,False
2025-12-14 22:47:26.340543,AWS,Storage (S3),107.53,0.1622982884657937,False
2025-12-14 22:47:26.340543,Azure,Networking,116.07,0.027640173629605136,False
2025-12-14 22:47:26.340543,GCP,BigQuery,258.0,0.2706402164090461,False
2025-12-15 22:47:26.340543,AWS,Compute (EC2),631.47,-0.14136484508410652,True
2025-12-15 22:47:26.340543,AWS,Storage (S3),170.49,0.0501225013774268,False
2025-12-15 22:47:26.340543,Azure,Networking,185.66,0.1511555488630748,False
2025-12-15 22:47:26.340543,GCP,BigQuery,379.06,0.20890635675136132,False
2025-12-16 22:47:26.340543,AWS,Compute (EC2),547.33,0.1271005918945715,False
2025-12-16 22:47:26.340543,AWS,Storage (S3),137.65,0.17539019473154704,False
2025-12-16 22:47:26.340543,Azure,Networking,201.32,0.18754278118171835,False
2025-12-16 22:47:26.340543,GCP,BigQuery,187.7,0.19942489516731965,False
2025-12-17 22:47:26.340543,AWS,Compute (EC2),508.32,0.15808443496644586,False
2025-12-17 22:47:26.340543,AWS,Storage (S3),153.42,0.23078457810292657,False
2025-12-17 22:47:26.340543,Azure,Networking,205.57,0.1794007263790387,False
2025-12-17 22:47:26.340543,GCP,BigQuery,276.76,0.22647308423932422,False
2025-12-18 22:47:26.340543,AWS,Compute (EC2),513.93,0.1362515242138307,False
2025-12-18 22:47:26.340543,AWS,Storage (S3),153.47,0.23194964000332774,False
2025-12-18 22:47:26.340543,Azure,Networking,217.33,0.13254642675854128,False
2025-12-18 22:47:26.340543,GCP,BigQuery,261.94,0.2548291802388246,False
2025-12-19 22:47:26.340543,AWS,Compute (EC2),500.65,0.16276646392072786,False
2025-12-19 22:47:26.340543,AWS,Storage (S3),143.5,0.1897024605184664,False
2025-12-19 22:47:26.340543,Azure,Networking,213.59,0.1305366743700882,False
2025-12-19 22:47:26.340543,GCP,BigQuery,390.79,0.18077363580633965,False
2025-12-20 22:47:26.340543,AWS,Compute (EC2),352.48,0.1280786038843929,False
2025-12-20 22:47:26.340543,AWS,Storage (S3),110.3,0.12791369908449557,False
2025-12-20 22:47:26.340543,Azure,Networking,141.22,0.10729254895602636,False
2025-12-20 22:47:26.340543,GCP,BigQuery,214.37,0.22173535311134374,False
2025-12-21 22:47:26.340543,AWS,Compute (EC2),397.93,0.11917651511241983,False
2025-12-21 22:47:26.340543,AWS,Storage (S3),114.1,0.09150113926261494,False
2025-12-21 22:47:26.340543,Azure,Networking,147.86,0.15784637627724946,False
2025-12-21 22:47:26.340543,GCP,BigQuery,201.04,0.2309162978641074,False
2025-12-22 22:47:26.340543,AWS,Compute (EC2),480.43,0.14434220003632986,False
2025-12-22 22:47:26.340543,AWS,Storage (S3),125.2,0.04841086087566493,False
2025-12-22 22:47:26.340543,Azure,Networking,221.69,0.13207739433692284,False
2025-12-22 22:47:26.340543,GCP,BigQuery,416.94,0.18264994824560893,False
2025-12-23 22:47:26.340543,AWS,Compute (EC2),526.79,0.15549363320597104,False
2025-12-23 22:47:26.340543,AWS,Storage (S3),145.35,0.19266784576123863,False
2025-12-23 22:47:26.340543,Azure,Networking,204.46,0.1923629128645365,False
2025-12-23 22:47:26.340543,GCP,BigQuery,269.86,0.24069889880233591,False
2025-12-24 22:47:26.340543,AWS,Compute (EC2),461.87,0.1296800469010584,False
2025-12-24 22:47:26.340543,AWS,Storage (S3),142.77,0.19836745614200058,False
2025-12-24 22:47:26.340543,Azure,Networking,230.41,0.09265998631974781,False
2025-12-24 22:47:26.340543,GCP,BigQuery,416.51,0.18110545855306126,False
2025-12-25 22:47:26.340543,AWS,Compute (EC2),476.15,0.1524319429857955,False
2025-12-25 22:47:26.340543,AWS,Storage (S3),137.22,0.16900795343115632,False
2025-12-25 22:47:26.340543,Azure,Networking,167.17,0.13607537556645272,False
2025-12-25 22:47:26.340543,GCP,BigQuery,294.39,0.2495273844868618,False
2025-12-26 22:47:26.340543,AWS,Compute (EC2),485.35,0.1538296441371954,False
2025-12-26 22:47:26.340543,AWS,Storage (S3),147.05,0.22410755421589484,False
2025-12-26 22:47:26.340543,Azure,Networking,175.53,0.14807830228146251,False
2025-12-26 22:47:26.340543,GCP,BigQuery,293.41,0.25211475964056673,False
2025-12-27 22:47:26.340543,AWS,Compute (EC2),381.32,0.13406244082974755,False
2025-12-27 22:47:26.340543,AWS,Storage (S3),95.16,-0.013389135110371986,True
2025-12-27 22:47:26.340543,Azure,Networking,94.3,-0.151597149287646,True
2025-12-27 22:47:26.340543,GCP,BigQuery,203.13,0.22857690215744103,False
2025-12-28 22:47:26.340543,AWS,Compute (EC2),308.62,0.00811918303063719,False
2025-12-28 22:47:26.340543,AWS,Storage (S3),97.13,0.020399609997409973,False
2025-12-28 22:47:26.340543,Azure,Networking,121.94,0.08566788535139469,False
2025-12-28 22:47:26.340543,GCP,BigQuery,288.53,0.24895659264157866,False
2025-12-29 22:47:26.340543,AWS,Compute (EC2),549.83,0.11892813061450569,False
2025-12-29 22:47:26.340543,AWS,Storage (S3),162.46,0.13099138385344133,False
2025-12-29 22:47:26.340543,Azure,Networking,258.62,0.0005336801749195041,False
2025-12-29 22:47:26.340543,GCP,BigQuery,283.81,0.24322185840324545,False
2025-12-30 22:47:26.340543,AWS,Compute (EC2),498.0,0.16129516018586154,False
2025-12-30 22:47:26.340543,AWS,Storage (S3),148.38,0.21630411723895104,False
2025-12-30 22:47:26.340543,Azure,Networking,198.84,0.20298111981384126,False
2025-12-30 22:47:26.340543,GCP,BigQuery,149.65,0.15537766445691636,False
2025-12-31 22:47:26.340543,AWS,Compute (EC2),567.24,0.09884592294877315,False
2025-12-31 22:47:26.340543,AWS,Storage (S3),154.27,0.21815854047420125,False
2025-12-31 22:47:26.340543,Azure,Networking,174.01,0.13038654349384382,False
2025-12-31 22:47:26.340543,GCP,BigQuery,238.79,0.23343026521493693,False
2026-01-01 22:47:26.340543,AWS,Compute (EC2),521.89,0.16354380487992265,False
2026-01-01 22:47:26.340543,AWS,Storage (S3),136.78,0.13603957531459399,False
2026-01-01 22:47:26.340543,Azure,Networking,232.72,0.12016626845301653,False
2026-01-01 22:47:26.340543,GCP,BigQuery,379.93,0.217852145356412,False
2026-01-02 22:47:26.340543,AWS,Compute (EC2),536.25,0.14886952209550713,False
2026-01-02 22:47:26.340543,AWS,Storage (S3),153.63,0.22680924414123743,False
2026-01-02 22:47:26.340543,Azure,Networking,196.02,0.17001140450880325,False
2026-01-02 22:47:26.340543,GCP,BigQuery,243.56,0.22820813380606575,False
2026-01-03 22:47:26.340543,AWS,Compute (EC2),312.17,0.0406498361137122,False
2026-01-03 22:47:26.340543,AWS,Storage (S3),103.25,0.16415643316834305,False
2026-01-03 22:47:26.340543,Azure,Networking,104.81,-0.06157432328704626,True
2026-01-03 22:47:26.340543,GCP,BigQuery,152.25,0.15585883355535612,False
2026-01-04 22:47:26.340543,AWS,Compute (EC2),367.87,0.14258001573769274,False
2026-01-04 22:47:26.340543,AWS,Storage (S3),114.86,0.07936222413253313,False
2026-01-04 22:47:26.340543,Azure,Networking,109.98,0.02059526539490164,False
2026-01-04 22:47:26.340543,GCP,BigQuery,171.19,0.2023651502416638,False
2026-01-05 22:47:26.340543,AWS,Compute (EC2),571.03,0.09100310919152216,False
2026-01-05 22:47:26.340543,AWS,Storage (S3),156.2,0.18670604094478366,False
2026-01-05 22:47:26.340543,Azure,Networking,182.14,0.1411722549626615,False
2026-01-05 22:47:26.340543,GCP,BigQuery,116.44,0.04824683923749051,False
2026-01-06 22:47:26.340543,AWS,Compute (EC2),485.5,0.155691289031746,False
2026-01-06 22:47:26.340543,AWS,Storage (S3),147.89,0.2239307960863653,False
2026-01-06 22:47:26.340543,Azure,Networking,240.19,0.11276760780337514,False
2026-01-06 22:47:26.340543,GCP,BigQuery,279.48,0.23535319285008693,False
2026-01-07 22:47:26.340543,AWS,Compute (EC2),490.58,0.17732807600347178,False
2026-01-07 22:47:26.340543,AWS,Storage (S3),149.57,0.20793076907258617,False
2026-01-07 22:47:26.340543,Azure,Networking,235.45,0.08980881592177103,False
2026-01-07 22:47:26.340543,GCP,BigQuery,381.89,0.2067250398023009,False
2026-01-08 22:47:26.340543,AWS,Compute (EC2),464.08,0.1306656024869634,False
2026-01-08 22:47:26.340543,AWS,Storage (S3),137.5,0.17715717146139576,False
2026-01-08 22:47:26.340543,Azure,Networking,165.22,0.12859705260752335,False
2026-01-08 22:47:26.340543,GCP,BigQuery,199.35,0.2329278721036689,False
2026-01-09 22:47:26.340543,AWS,Compute (EC2),490.21,0.1759150384051988,False
2026-01-09 22:47:26.340543,AWS,Storage (S3),153.33,0.22693047525534604,False
2026-01-09 22:47:26.340543,Azure,Networking,232.24,0.11400697919255592,False
2026-01-09 22:47:26.340543,GCP,BigQuery,382.91,0.20381512366389892,False
2026-01-10 22:47:26.340543,AWS,Compute (EC2),366.72,0.140869900874456,False
2026-01-10 22:47:26.340543,AWS,Storage (S3),102.95,0.16409460515721286,False
2026-01-10 22:47:26.340543,Azure,Networking,135.27,0.12063381844237953,False
2026-01-10 22:47:26.340543,GCP,BigQuery,170.08,0.17488403859755258,False
2026-01-11 22:47:26.340543,AWS,Compute (EC2),392.84,0.13408763333843182,False
2026-01-11 22:47:26.340543,AWS,Storage (S3),117.96,0.064462771005107,False
2026-01-11 22:47:26.340543,Azure,Networking,144.05,0.14446627008701546,False
2026-01-11 22:47:26.340543,GCP,BigQuery,235.42,0.24369597816281502,False
2026-01-12 22:47:26.340543,AWS,Compute (EC2),470.64,0.1295820775690586,False
2026-01-12 22:47:26.340543,AWS,Storage (S3),134.27,0.14081439684731412,False
2026-01-12 22:47:26.340543,Azure,Networking,203.88,0.18020427168176711,False
2026-01-12 22:47:26.340543,GCP,BigQuery,283.75,0.24254636381307187,False
2026-01-13 22:47:26.340543,AWS,Compute (EC2),453.7,0.11351931996916204,False
2026-01-13 22:47:26.340543,AWS,Storage (S3),146.02,0.2136108174946001,False
2026-01-13 22:47:26.340543,Azure,Networking,214.59,0.15103572527306403,False
2026-01-13 22:47:26.340543,GCP,BigQuery,402.42,0.1612923753010942,False
2026-01-14 22:47:26.340543,AWS,Compute (EC2),513.27,0.1367327207717341,False
2026-01-14 22:47:26.340543,AWS,Storage (S3),154.01,0.21831857177858927,False
2026-01-14 22:47:26.340543,Azure,Networking,215.18,0.16144537837734824,False
2026-01-14 22:47:26.340543,GCP,BigQuery,393.2,0.17662056770540635,False
2026-01-15 22:47:26.340543,AWS,Compute (EC2),579.82,0.059771945349187616,False
2026-01-15 22:47:26.340543,AWS,Storage (S3),152.16,0.2144921024690386,False
2026-01-15 22:47:26.340543,Azure,Networking,205.32,0.18692707084285898,False
2026-01-15 22:47:26.340543,GCP,BigQuery,229.21,0.24893854960949224,False
2026-01-16 22:47:26.340543,AWS,Compute (EC2),459.19,0.12588289708977235,False
2026-01-16 22:47:26.340543,AWS,Storage (S3),141.91,0.1785374019855192,False
2026-01-16 22:47:26.340543,Azure,Networking,160.91,0.13865934492796828,False
2026-01-16 22:47:26.340543,GCP,BigQuery,230.53,0.25841444407740277,False
2026-01-17 22:47:26.340543,AWS,Compute (EC2),344.94,0.12359608951946022,False
2026-01-17 22:47:26.340543,AWS,Storage (S3),112.97,0.1087810894188651,False
2026-01-17 22:47:26.340543,Azure,Networking,142.66,0.1224420666510802,False
2026-01-17 22:47:26.340543,GCP,BigQuery,160.8,0.17535424235793406,False
2026-01-18 22:47:26.340543,AWS,Compute (EC2),313.68,0.04650182970000605,False
2026-01-18 22:47:26.340543,AWS,Storage (S3),98.01,0.03558648867447256,False
2026-01-18 22:47:26.340543,Azure,Networking,137.7,0.0932522080649908,False
2026-01-18 22:47:26.340543,GCP,BigQuery,247.59,0.24224894420932025,False
2026-01-19 22:47:26.340543,AWS,Compute (EC2),515.01,0.1316887149678,False
2026-01-19 22:47:26.340543,AWS,Storage (S3),138.7,0.1697970056433914,False
2026-01-19 22:47:26.340543,Azure,Networking,167.83,0.15792340398893367,False
2026-01-19 22:47:26.340543,GCP,BigQuery,260.7,0.26139165231004013,False
2026-01-20 22:47:26.340543,AWS,Compute (EC2),458.09,0.12676020462595233,False
2026-01-20 22:47:26.340543,AWS,Storage (S3),148.06,0.22759133308492452,False
2026-01-20 22:47:26.340543,Azure,Networking,198.07,0.18754219397180288,False
2026-01-20 22:47:26.340543,GCP,BigQuery,459.24,0.06432346308991121,False
2026-01-21 22:47:26.340543,AWS,Compute (EC2),500.22,0.1626332705152972,False
2026-01-21 22:47:26.340543,AWS,Storage (S3),151.95,0.20964561499974305,False
2026-01-21 22:47:26.340543,Azure,Networking,226.87,0.1397787575654642,False
2026-01-21 22:47:26.340543,GCP,BigQuery,268.92,0.2449094332164054,False
2026-01-22 22:47:26.340543,AWS,Compute (EC2),518.77,0.14620044407206073,False
2026-01-22 22:47:26.340543,AWS,Storage (S3),146.89,0.2239736526665827,False
2026-01-22 22:47:26.340543,Azure,Networking,252.33,0.030461755492586784,False
2026-01-22 22:47:26.340543,GCP,BigQuery,132.01,0.06801008409622644,False
2026-01-23 22:47:26.340543,AWS,Compute (EC2),345.29,0.13188491508892813,False
2026-01-23 22:47:26.340543,AWS,Storage (S3),162.77,0.11260516796541153,False
2026-01-23 22:47:26.340543,Azure,Networking,194.91,0.17365622977136097,False
2026-01-23 22:47:26.340543,GCP,BigQuery,306.73,0.2100284432185867,False
2026-01-24 22:47:26.340543,AWS,Compute (EC2),358.44,0.09248061160934756,False
2026-01-24 22:47:26.340543,AWS,Storage (S3),108.07,0.15378772136448116,False
2026-01-24 22:47:26.340543,Azure,Networking,160.45,0.14884279467791056,False
2026-01-24 22:47:26.340543,GCP,BigQuery,258.88,0.27579783945891084,False
2026-01-25 22:47:26.340543,AWS,Compute (EC2),347.36,0.12913250674985938,False
2026-01-25 22:47:26.340543,AWS,Storage (S3),107.91,0.15543900288076945,False
2026-01-25 22:47:26.340543,Azure,Networking,123.38,0.08572350794771344,False
2026-01-25 22:47:26.340543,GCP,BigQuery,268.77,0.24255109147366155,False
2026-01-26 22:47:26.340543,AWS,Compute (EC2),409.66,0.09808985457364933,False
2026-01-26 22:47:26.340543,AWS,Storage (S3),142.11,0.190415129580908,False
2026-01-26 22:47:26.340543,Azure,Networking,198.74,0.19826894257464156,False
2026-01-26 22:47:26.340543,GCP,BigQuery,196.1,0.22979709989319635,False
2026-01-27 22:47:26.340543,AWS,Compute (EC2),446.71,0.10018786503341903,False
2026-01-27 22:47:26.340543,AWS,Storage (S3),139.49,0.1603234199631846,False
2026-01-27 22:47:26.340543,Azure,Networking,223.14,0.14200252074960806,False
2026-01-27 22:47:26.340543,GCP,BigQuery,287.87,0.2517455974971685,False
2026-01-28 22:47:26.340543,AWS,Compute (EC2),534.83,0.14598478340740284,False
2026-01-28 22:47:26.340543,AWS,Storage (S3),153.07,0.21987408939613462,False
2026-01-28 22:47:26.340543,Azure,Networking,202.91,0.18988759007535755,False
2026-01-28 22:47:26.340543,GCP,BigQuery,414.52,0.16065753232787094,False
2026-01-29 22:47:26.340543,AWS,Compute (EC2),535.35,0.1451709761508329,False
2026-01-29 22:47:26.340543,AWS,Storage (S3),145.69,0.19726993060703302,False
2026-01-29 22:47:26.340543,Azure,Networking,204.31,0.19568204859742877,False
2026-01-29 22:47:26.340543,GCP,BigQuery,269.22,0.24394720990590335,False
2026-01-30 22:47:26.340543,AWS,Compute (EC2),593.37,-0.0054127886870914965,True
2026-01-30 22:47:26.340543,AWS,Storage (S3),147.52,0.21335130959846443,False
2026-01-30 22:47:26.340543,Azure,Networking,248.75,0.024536930383964095,False
2026-01-30 22:47:26.340543,GCP,BigQuery,266.78,0.2388049840394571,False
2026-01-31 22:47:26.340543,AWS,Compute (EC2),390.88,0.1318151654421275,False
2026-01-31 22:47:26.340543,AWS,Storage (S3),102.79,0.15374292977555903,False
2026-01-31 22:47:26.340543,Azure,Networking,108.55,0.05374540396424543,False
2026-01-31 22:47:26.340543,GCP,BigQuery,204.59,0.2257770971498042,False
2026-02-01 22:47:26.340543,AWS,Compute (EC2),350.45,0.13265938026954405,False
2026-02-01 22:47:26.340543,AWS,Storage (S3),102.33,0.13695627447766645,False
2026-02-01 22:47:26.340543,Azure,Networking,109.01,0.042680896090697806,False
2026-02-01 22:47:26.340543,GCP,BigQuery,206.58,0.22759332059480386,False
2026-02-02 22:47:26.340543,AWS,Compute (EC2),520.09,0.15442443623043822,False
2026-02-02 22:47:26.340543,AWS,Storage (S3),157.02,0.17885663688868186,False
2026-02-02 22:47:26.340543,Azure,Networking,206.55,0.17032054779800715,False
2026-02-02 22:47:26.340543,GCP,BigQuery,287.61,0.2508675012431905,False
2026-02-03 22:47:26.340543,AWS,Compute (EC2),407.14,0.0978045810092183,False
2026-02-03 22:47:26.340543,AWS,Storage (S3),167.13,0.05806474051282895,False
2026-02-03 22:47:26.340543,Azure,Networking,212.19,0.12694273346387108,False
2026-02-03 22:47:26.340543,GCP,BigQuery,265.14,0.24797266871262108,False
2026-02-04 22:47:26.340543,AWS,Compute (EC2),493.3,0.1732874732794804,False
2026-02-04 22:47:26.340543,AWS,Storage (S3),156.91,0.17889875848710707,False
2026-02-04 22:47:26.340543,Azure,Networking,271.37,-0.08595377576873764,True
2026-02-04 22:47:26.340543,GCP,BigQuery,405.46,0.16105085005731,False
2026-02-05 22:47:26.340543,AWS,Compute (EC2),580.58,0.06313216286944989,False
2026-02-05 22:47:26.340543,AWS,Storage (S3),151.54,0.21108672742362405,False
2026-02-05 22:47:26.340543,Azure,Networking,171.4,0.14577069042556973,False
2026-02-05 22:47:26.340543,GCP,BigQuery,98.28,0.019161607536900327,False
2026-02-06 22:47:26.340543,AWS,Compute (EC2),583.88,0.07210450149905967,False
2026-02-06 22:47:26.340543,AWS,Storage (S3),149.75,0.20566484948854585,False
2026-02-06 22:47:26.340543,Azure,Networking,177.77,0.14169603291171678,False
2026-02-06 22:47:26.340543,GCP,BigQuery,331.68,0.2389350696635752,False
2026-02-07 22:47:26.340543,AWS,Compute (EC2),291.58,-0.0854761389410934,True
2026-02-07 22:47:26.340543,AWS,Storage (S3),102.68,0.1523175573232604,False
2026-02-07 22:47:26.340543,Azure,Networking,150.3,0.13055281914850664,False
2026-02-07 22:47:26.340543,GCP,BigQuery,205.91,0.22774536579514987,False
2026-02-08 22:47:26.340543,AWS,Compute (EC2),354.44,0.10306801675112515,False
2026-02-08 22:47:26.340543,AWS,Storage (S3),107.97,0.15789322561268443,False
2026-02-08 22:47:26.340543,Azure,Networking,170.52,0.16074795756506066,False
2026-02-08 22:47:26.340543,GCP,BigQuery,351.96,0.19971587707111815,False
2026-02-09 22:47:26.340543,AWS,Compute (EC2),494.92,0.17152166332505914,False
2026-02-09 22:47:26.340543,AWS,Storage (S3),151.69,0.21058601015292655,False
2026-02-09 22:47:26.340543,Azure,Networking,239.91,0.08903306618786133,False
2026-02-09 22:47:26.340543,GCP,BigQuery,263.11,0.2527208288918516,False
2026-02-10 22:47:26.340543,AWS,Compute (EC2),443.75,0.08637558826575781,False
2026-02-10 22:47:26.340543,AWS,Storage (S3),137.31,0.18163873442427297,False
2026-02-10 22:47:26.340543,Azure,Networking,164.91,0.1345603781279388,False
2026-02-10 22:47:26.340543,GCP,BigQuery,375.31,0.20082955208609893,False
2026-02-11 22:47:26.340543,AWS,Compute (EC2),522.34,0.1623204864244387,False
2026-02-11 22:47:26.340543,AWS,Storage (S3),156.24,0.18837290842370646,False
2026-02-11 22:47:26.340543,Azure,Networking,241.2,0.09803475654485705,False
2026-02-11 22:47:26.340543,GCP,BigQuery,334.4,0.22735902885550452,False
2026-02-12 22:47:26.340543,AWS,Compute (EC2),510.98,0.14043249540305625,False
2026-02-12 22:47:26.340543,AWS,Storage (S3),148.82,0.20335694920602526,False
2026-02-12 22:47:26.340543,Azure,Networking,199.14,0.2012939801022569,False
2026-02-12 22:47:26.340543,GCP,BigQuery,231.93,0.25788694174042276,False
2026-02-13 22:47:26.340543,AWS,Compute (EC2),485.99,0.15699087746565715,False
2026-02-13 22:47:26.340543,AWS,Storage (S3),146.92,0.2243732782347806,False
2026-02-13 22:47:26.340543,Azure,Networking,200.82,0.18875657295369358,False
2026-02-13 22:47:26.340543,GCP,BigQuery,328.17,0.23198580127437907,False
2026-02-14 22:47:26.340543,AWS,Compute (EC2),337.33,0.09120486991051319,False
2026-02-14 22:47:26.340543,AWS,Storage (S3),104.51,0.11281669371315117,False
2026-02-14 22:47:26.340543,Azure,Networking,136.21,0.12538749576124086,False
2026-02-14 22:47:26.340543,GCP,BigQuery,214.56,0.22704674500698185,False
2026-02-15 22:47:26.340543,AWS,Compute (EC2),352.02,0.129687529967059,False
2026-02-15 22:47:26.340543,AWS,Storage (S3),100.84,0.1343683969866465,False
2026-02-15 22:47:26.340543,Azure,Networking,153.87,0.11225162461568616,False
2026-02-15 22:47:26.340543,GCP,BigQuery,153.52,0.1529935300385582,False
2026-02-16 22:47:26.340543,AWS,Compute (EC2),526.27,0.1637578680257198,False
2026-02-16 22:47:26.340543,AWS,Storage (S3),131.18,0.14423686598902608,False
2026-02-16 22:47:26.340543,Azure,Networking,195.28,0.1714786082765381,False
2026-02-16 22:47:26.340543,GCP,BigQuery,259.36,0.2725803768536565,False
2026-02-17 22:47:26.340543,AWS,Compute (EC2),523.27,0.16423116344353506,False
2026-02-17 22:47:26.340543,AWS,Storage (S3),152.51,0.20979225542062135,False
2026-02-17 22:47:26.340543,Azure,Networking,250.26,0.055254723643050396,False
2026-02-17 22:47:26.340543,GCP,BigQuery,286.82,0.2453775630714789,False
2026-02-18 22:47:26.340543,AWS,Compute (EC2),413.08,0.08763867261676422,False
2026-02-18 22:47:26.340543,AWS,Storage (S3),162.47,0.1324643153450763,False
2026-02-18 22:47:26.340543,Azure,Networking,178.5,0.1210705463038928,False
2026-02-18 22:47:26.340543,GCP,BigQuery,278.62,0.2348342683983623,False
2026-02-19 22:47:26.340543,AWS,Compute (EC2),475.95,0.15099858046635023,False
2026-02-19 22:47:26.340543,AWS,Storage (S3),137.31,0.18163873442427297,False
2026-02-19 22:47:26.340543,Azure,Networking,219.34,0.13887904171632964,False
2026-02-19 22:47:26.340543,GCP,BigQuery,314.45,0.22441768794377548,False
2026-02-20 22:47:26.340543,AWS,Compute (EC2),499.1,0.15918775746727915,False
2026-02-20 22:47:26.340543,AWS,Storage (S3),151.6,0.21130590424061702,False
2026-02-20 22:47:26.340543,Azure,Networking,177.25,0.1527817914945115,False
2026-02-20 22:47:26.340543,GCP,BigQuery,357.56,0.1969894135201336,False
2026-02-21 22:47:26.340543,AWS,Compute (EC2),391.87,0.13350815456611492,False
2026-02-21 22:47:26.340543,AWS,Storage (S3),93.72,-0.024024914641475492,True
2026-02-21 22:47:26.340543,Azure,Networking,136.18,0.1250335632749266,False
2026-02-21 22:47:26.340543,GCP,BigQuery,92.48,0.02083863509509465,False
2026-02-22 22:47:26.340543,AWS,Compute (EC2),333.08,0.09809841183078799,False
2026-02-22 22:47:26.340543,AWS,Storage (S3),101.65,0.13234444345558438,False
2026-02-22 22:47:26.340543,Azure,Networking,152.89,0.10306307134401949,False
2026-02-22 22:47:26.340543,GCP,BigQuery,176.01,0.18633153314672068,False
2026-02-23 22:47:26.340543,AWS,Compute (EC2),503.14,0.15198206958253135,False
2026-02-23 22:47:26.340543,AWS,Storage (S3),131.29,0.14831556540689367,False
2026-02-23 22:47:26.340543,Azure,Networking,202.4,0.18558263375869116,False
2026-02-23 22:47:26.340543,GCP,BigQuery,296.26,0.2362822446048548,False
2026-02-24 22:47:26.340543,AWS,Compute (EC2),488.94,0.17527711899384218,False
2026-02-24 22:47:26.340543,AWS,Storage (S3),158.31,0.1650481034901462,False
2026-02-24 22:47:26.340543,Azure,Networking,258.22,-0.0003557867832796324,True
2026-02-24 22:47:26.340543,GCP,BigQuery,316.07,0.22234960759682265,False
2026-02-25 22:47:26.340543,AWS,Compute (EC2),466.77,0.12911964031865314,False
2026-02-25 22:47:26.340543,AWS,Storage (S3),157.36,0.16827875603396625,False
2026-02-25 22:47:26.340543,Azure,Networking,198.6,0.19359131950259967,False
2026-02-25 22:47:26.340543,GCP,BigQuery,356.19,0.19214442984451585,False
2026-02-26 22:47:26.340543,AWS,Compute (EC2),2118.105,-0.3311268877821766,True
2026-02-26 22:47:26.340543,AWS,Storage (S3),163.99,0.06990830245147162,False
2026-02-26 22:47:26.340543,Azure,Networking,176.68,0.1480485915290487,False
2026-02-26 22:47:26.340543,GCP,BigQuery,218.24,0.2353492140584964,False
2026-02-27 22:47:26.340543,AWS,Compute (EC2),492.45,0.1663686621673494,False
2026-02-27 22:47:26.340543,AWS,Storage (S3),146.63,0.21700897440160322,False
2026-02-27 22:47:26.340543,Azure,Networking,223.01,0.14255722681988492,False
2026-02-27 22:47:26.340543,GCP,BigQuery,346.32,0.2097057003391838,False
2026-02-28 22:47:26.340543,AWS,Compute (EC2),426.46,0.11701781523857435,False
2026-02-28 22:47:26.340543,AWS,Storage (S3),99.87,0.11865403600246205,False
2026-02-28 22:47:26.340543,Azure,Networking,128.85,0.08257567485232109,False
2026-02-28 22:47:26.340543,GCP,BigQuery,161.2,0.1616855952758922,False
2026-03-01 22:47:26.340543,AWS,Compute (EC2),395.08,0.12257336300629834,False
2026-03-01 22:47:26.340543,AWS,Storage (S3),99.64,0.11007745535333646,False
2026-03-01 22:47:26.340543,Azure,Networking,161.34,0.13183302950550901,False
2026-03-01 22:47:26.340543,GCP,BigQuery,171.31,0.20008115231362583,False
2026-03-02 22:47:26.340543,AWS,Compute (EC2),546.51,0.12227459899956955,False
2026-03-02 22:47:26.340543,AWS,Storage (S3),142.96,0.1957528953634986,False
2026-03-02 22:47:26.340543,Azure,Networking,185.89,0.15044353039051156,False
2026-03-02 22:47:26.340543,GCP,BigQuery,311.47,0.21664836652389746,False
2026-03-03 22:47:26.340543,AWS,Compute (EC2),420.35,0.09846749698228091,False
2026-03-03 22:47:26.340543,AWS,Storage (S3),154.2,0.21843145172770018,False
2026-03-03 22:47:26.340543,Azure,Networking,207.9,0.17441117386585975,False
2026-03-03 22:47:26.340543,GCP,BigQuery,427.12,0.16704823820765108,False
2026-03-04 22:47:26.340543,AWS,Compute (EC2),460.67,0.13036172858150713,False
2026-03-04 22:47:26.340543,AWS,Storage (S3),156.51,0.17771542257064987,False
2026-03-04 22:47:26.340543,Azure,Networking,208.31,0.16439699054435153,False
2026-03-04 22:47:26.340543,GCP,BigQuery,90.8,-0.003059931427225049,True
2026-03-05 22:47:26.340543,AWS,Compute (EC2),567.22,0.09884592294877315,False
2026-03-05 22:47:26.340543,AWS,Storage (S3),154.76,0.18446758325764395,False
2026-03-05 22:47:26.340543,Azure,Networking,220.37,0.15652044557592298,False
2026-03-05 22:47:26.340543,GCP,BigQuery,322.01,0.2157358064781455,False
2026-03-06 22:47:26.340543,AWS,Compute (EC2),427.76,0.11240779424301811,False
2026-03-06 22:47:26.340543,AWS,Storage (S3),147.85,0.22440186236844184,False
2026-03-06 22:47:26.340543,Azure,Networking,177.02,0.1514191361071922,False
2026-03-06 22:47:26.340543,GCP,BigQuery,195.83,0.2326924594824643,False
2026-03-07 22:47:26.340543,AWS,Compute (EC2),370.24,0.14591883592011745,False
2026-03-07 22:47:26.340543,AWS,Storage (S3),103.04,0.1645798108098555,False
2026-03-07 22:47:26.340543,Azure,Networking,167.88,0.15915957459173408,False
2026-03-07 22:47:26.340543,GCP,BigQuery,206.53,0.22759332059480386,False
2026-03-08 22:47:26.340543,AWS,Compute (EC2),400.8,0.11201737323035482,False
2026-03-08 22:47:26.340543,AWS,Storage (S3),105.98,0.13325599860291193,False
2026-03-08 22:47:26.340543,Azure,Networking,148.33,0.15287144331545904,False
2026-03-08 22:47:26.340543,GCP,BigQuery,220.97,0.2319827369640316,False
2026-03-09 22:47:26.340543,AWS,Compute (EC2),583.95,0.07429470311308073,False
2026-03-09 22:47:26.340543,AWS,Storage (S3),148.03,0.22751421204419398,False
2026-03-09 22:47:26.340543,Azure,Networking,160.12,0.13742741981858797,False
2026-03-09 22:47:26.340543,GCP,BigQuery,160.62,0.1725058106887204,False
2026-03-10 22:47:26.340543,AWS,Compute (EC2),496.14,0.1625246311010416,False
2026-03-10 22:47:26.340543,AWS,Storage (S3),146.3,0.2193901160113263,False
2026-03-10 22:47:26.340543,Azure,Networking,204.62,0.19176988674870155,False
2026-03-10 22:47:26.340543,GCP,BigQuery,347.92,0.20871981055319633,False
2026-03-11 22:47:26.340543,AWS,Compute (EC2),569.93,0.08797578559022151,False
2026-03-11 22:47:26.340543,AWS,Storage (S3),149.24,0.20911793631197634,False
2026-03-11 22:47:26.340543,Azure,Networking,134.02,0.10845620931598754,False
2026-03-11 22:47:26.340543,GCP,BigQuery,199.59,0.2329278721036689,False
2026-03-12 22:47:26.340543,AWS,Compute (EC2),392.71,0.1361205524033141,False
2026-03-12 22:47:26.340543,AWS,Storage (S3),134.69,0.11573068973247846,False
2026-03-12 22:47:26.340543,Azure,Networking,197.41,0.17878951505027907,False
2026-03-12 22:47:26.340543,GCP,BigQuery,250.02,0.2557187112146983,False
2026-03-13 22:47:26.340543,AWS,Compute (EC2),520.47,0.1540873782205585,False
2026-03-13 22:47:26.340543,AWS,Storage (S3),175.69,-0.02049280511760676,True
2026-03-13 22:47:26.340543,Azure,Networking,194.1,0.17874032070009122,False
2026-03-13 22:47:26.340543,GCP,BigQuery,331.595,0.2392438382442258,False
2026-03-14 22:47:26.340543,AWS,Compute (EC2),333.63,0.0944781107248086,False
2026-03-14 22:47:26.340543,AWS,Storage (S3),100.32,0.12885760409437919,False
2026-03-14 22:47:26.340543,Azure,Networking,118.51,0.07079133638334156,False
2026-03-14 22:47:26.340543,GCP,BigQuery,226.51853333333332,0.22822719229810562,False
2026-03-15 22:47:26.340543,AWS,Compute (EC2),402.95,0.10934772605789567,False
2026-03-15 22:47:26.340543,AWS,Storage (S3),100.23,0.13351575799757798,False
2026-03-15 22:47:26.340543,Azure,Networking,154.68,0.10497574952955913,False
2026-03-15 22:47:26.340543,GCP,BigQuery,273.03066666666666,0.22745870720524136,False
2026-03-16 22:47:26.340543,AWS,Compute (EC2),488.59,0.17221553559085812,False
2026-03-16 22:47:26.340543,AWS,Storage (S3),167.81,0.11458579787418222,False
2026-03-16 22:47:26.340543,Azure,Networking,185.79,0.1531404209716854,False
2026-03-16 22:47:26.340543,GCP,BigQuery,348.67080000000004,0.21070458379731422,False
2026-03-17 22:47:26.340543,AWS,Compute (EC2),418.75,0.09808337254070226,False
2026-03-17 22:47:26.340543,AWS,Storage (S3),139.22,0.16369266513432973,False
2026-03-17 22:47:26.340543,Azure,Networking,182.79,0.14397158761067796,False
2026-03-17 22:47:26.340543,GCP,BigQuery,396.1793333333333,0.1825010512102243,False
2026-03-18 22:47:26.340543,AWS,Compute (EC2),495.02,0.17083768297476304,False
2026-03-18 22:47:26.340543,AWS,Storage (S3),167.82,0.11875653358991978,False
2026-03-18 22:47:26.340543,Azure,Networking,192.96,0.16388048664688887,False
2026-03-18 22:47:26.340543,GCP,BigQuery,503.464,0.01703358147078393,False
2026-03-19 22:47:26.340543,AWS,Compute (EC2),555.06,0.11386365039781843,False
2026-03-19 22:47:26.340543,AWS,Storage (S3),178.19,-0.044735337187672974,True
2026-03-19 22:47:26.340543,Azure,Networking,220.55,0.15524295091665596,False
2026-03-19 22:47:26.340543,GCP,BigQuery,599.0774,0.004589897140837684,False
2026-03-20 22:47:26.340543,AWS,Compute (EC2),536.7,0.14817380579210665,False
2026-03-20 22:47:26.340543,AWS,Storage (S3),138.0,0.16463442338002238,False
2026-03-20 22:47:26.340543,Azure,Networking,169.01,0.1594559091913595,False
2026-03-20 22:47:26.340543,GCP,BigQuery,416.8024,0.18538807515336497,False
2026-03-21 22:47:26.340543,AWS,Compute (EC2),373.49,0.13713841900274182,False
2026-03-21 22:47:26.340543,AWS,Storage (S3),111.15,0.11155501384821243,False
2026-03-21 22:47:26.340543,Azure,Networking,120.67,0.07847511664398987,False
2026-03-21 22:47:26.340543,GCP,BigQuery,254.59993333333335,0.26268004910946974,False
2026-03-22 22:47:26.340543,AWS,Compute (EC2),324.97,0.06697193769543164,False
2026-03-22 22:47:26.340543,AWS,Storage (S3),109.66,0.12701480258435227,False
2026-03-22 22:47:26.340543,Azure,Networking,143.46,0.1312956072630752,False
2026-03-22 22:47:26.340543,GCP,BigQuery,329.121,0.2339743738723722,False
2026-03-23 22:47:26.340543,AWS,Compute (EC2),584.19,0.06069077940805889,False
2026-03-23 22:47:26.340543,AWS,Storage (S3),141.05,0.162151963693892,False
2026-03-23 22:47:26.340543,Azure,Networking,199.53,0.19352957204009524,False
2026-03-23 22:47:26.340543,GCP,BigQuery,772.4226666666666,-0.08784400345735555,True
2026-03-24 22:47:26.340543,AWS,Compute (EC2),493.36,0.17532908435151595,False
2026-03-24 22:47:26.340543,AWS,Storage (S3),144.1,0.1925910105132,False
2026-03-24 22:47:26.340543,Azure,Networking,224.71,0.13513627841961517,False
2026-03-24 22:47:26.340543,GCP,BigQuery,643.9546666666668,-0.016329459483994446,True
2026-03-25 22:47:26.340543,AWS,Compute (EC2),480.78,0.14422883005513315,False
2026-03-25 22:47:26.340543,AWS,Storage (S3),144.79,0.182322903158897,False
2026-03-25 22:47:26.340543,Azure,Networking,202.98,0.19060137350912748,False
2026-03-25 22:47:26.340543,GCP,BigQuery,701.3645999999999,-0.07057252146498727,True
2026-03-26 22:47:26.340543,AWS,Compute (EC2),489.46,0.17494845188903652,False
2026-03-26 22:47:26.340543,AWS,Storage (S3),156.27,0.19175646035794608,False
2026-03-26 22:47:26.340543,Azure,Networking,215.82,0.15546001255560082,False
2026-03-26 22:47:26.340543,GCP,BigQuery,614.0974666666666,0.010312290769863286,False
2026-03-27 22:47:26.340543,AWS,Compute (EC2),507.82,0.15775807586516705,False
2026-03-27 22:47:26.340543,AWS,Storage (S3),184.41,-0.09215843956891567,True
2026-03-27 22:47:26.340543,Azure,Networking,193.79,0.18100603011620203,False
2026-03-27 22:47:26.340543,GCP,BigQuery,768.1839333333334,-0.08077905607017,True
2026-03-28 22:47:26.340543,AWS,Compute (EC2),384.54,0.135567034654685,False
2026-03-28 22:47:26.340543,AWS,Storage (S3),101.94,0.12730520364440157,False
2026-03-28 22:47:26.340543,Azure,Networking,133.12,0.09428450017268142,False
2026-03-28 22:47:26.340543,GCP,BigQuery,530.9749999999999,-0.008284641687446581,True
